time_ms,accel_z_mps2,velocity_mm_s,smooth_mm_s,direction
0,0.0298,36.54,36.50,STATIONARY
66,0.0066,35.49,35.82,STATIONARY
132,0.0372,37.95,37.25,STATIONARY
198,0.0206,37.73,37.58,STATIONARY
263,0.0206,37.53,37.55,STATIONARY
330,0.0252,37.63,37.60,STATIONARY
396,0.0197,37.37,37.44,STATIONARY
461,0.0129,36.69,36.93,STATIONARY
527,0.0309,38.72,38.14,STATIONARY
594,0.0043,37.45,37.67,STATIONARY
659,0.0179,37.08,37.28,STATIONARY
726,0.0232,37.07,37.14,STATIONARY
792,0.0220,36.99,37.04,STATIONARY
858,0.0194,36.73,36.83,STATIONARY
924,0.0104,35.92,36.22,STATIONARY
989,0.0230,35.94,36.03,STATIONARY
1056,-0.0027,34.33,34.89,STATIONARY
1121,0.0393,36.92,36.26,STATIONARY
1187,0.0076,35.93,36.04,STATIONARY
1254,0.0201,35.76,35.85,STATIONARY
1320,-0.0181,33.19,34.05,STATIONARY
1386,-0.0560,29.49,30.98,STATIONARY
1451,-0.0488,26.27,27.80,STATIONARY
1518,-0.1069,19.21,22.01,STATIONARY
1583,-0.0988,12.69,15.72,STATIONARY
1649,-0.1170,4.97,8.47,STATIONARY
1716,-0.1105,-2.33,1.18,STATIONARY
1782,-0.1084,-9.48,-6.01,STATIONARY
1847,-0.1448,-19.04,-14.80,STATIONARY
1914,-0.1644,-29.89,-24.98,STATIONARY
1980,-0.2603,-47.07,-39.88,STATIONARY
2045,-0.3214,-68.28,-59.04,DOWN
2111,-0.2989,-88.00,-78.58,DOWN
2178,-0.3404,-110.47,-100.09,DOWN
2244,-0.3845,-135.84,-124.21,DOWN
2309,-0.3680,-160.12,-148.44,DOWN
2376,-0.4014,-186.62,-174.20,DOWN
2441,-0.4274,-214.82,-201.60,DOWN
2508,-0.4267,-242.99,-229.52,DOWN
2573,-0.4442,-272.31,-258.38,DOWN
2639,-0.4763,-303.74,-288.99,DOWN
2706,-0.4797,-335.41,-320.30,DOWN
2771,-0.4977,-368.26,-352.65,DOWN
2838,-0.5146,-402.22,-386.09,DOWN
2904,-0.5546,-438.83,-421.67,DOWN
2970,-0.5976,-478.27,-459.85,DOWN
3036,-0.5348,-513.57,-496.09,DOWN
3101,-0.5830,-552.05,-533.84,DOWN
3168,-0.6378,-594.14,-574.52,DOWN
3234,-0.6078,-634.26,-614.82,DOWN
3299,-0.6397,-676.48,-656.42,DOWN
3365,-0.6815,-721.46,-700.29,DOWN
3432,-0.6272,-762.85,-742.50,DOWN
3498,-0.5529,-799.34,-780.85,DOWN
3563,-0.4913,-831.77,-815.20,DOWN
3629,-0.4012,-858.24,-844.24,DOWN
3696,-0.3194,-879.33,-867.91,DOWN
3761,-0.2127,-893.37,-885.08,DOWN
3827,-0.1150,-900.96,-895.79,DOWN
3894,0.0356,-898.61,-897.69,DOWN
3959,0.0751,-893.65,-894.97,DOWN
4026,0.1356,-884.70,-888.04,DOWN
4091,0.2050,-871.18,-876.66,DOWN
4158,0.1187,-863.34,-867.68,DOWN
4223,0.2242,-848.54,-854.77,DOWN
4289,0.1438,-839.06,-844.17,DOWN
4356,0.1521,-829.02,-833.95,DOWN
4422,0.2261,-814.10,-820.56,DOWN
4487,0.1036,-807.26,-811.59,DOWN
4553,0.2140,-793.14,-799.14,DOWN
4620,0.1424,-783.74,-788.76,DOWN
4686,0.1453,-774.16,-778.91,DOWN
4751,0.1697,-762.96,-768.15,DOWN
4818,0.1418,-753.60,-758.33,DOWN
4884,0.1683,-742.49,-747.65,DOWN
4949,0.1172,-734.76,-738.95,DOWN
5016,0.1561,-724.45,-729.17,DOWN
5081,0.1279,-716.01,-720.29,DOWN
5148,0.1620,-705.32,-710.19,DOWN
5214,0.1140,-697.79,-701.83,DOWN
5279,0.0980,-691.33,-694.75,DOWN
5346,0.1404,-682.06,-686.19,DOWN
5412,0.0902,-676.10,-679.38,DOWN
5478,0.1454,-666.51,-670.70,DOWN
5543,0.0585,-662.64,-665.26,DOWN
5610,0.1501,-652.74,-656.82,DOWN
5676,0.0902,-646.79,-650.05,DOWN
5741,0.1476,-637.05,-641.28,DOWN
5808,0.1002,-630.43,-633.96,DOWN
5873,0.1155,-622.81,-626.44,DOWN
5939,0.0906,-616.83,-619.95,DOWN
6006,0.0902,-610.87,-613.83,DOWN
6072,0.1453,-601.29,-605.37,DOWN
6138,0.0597,-597.34,-599.96,DOWN
6203,0.1304,-588.74,-592.39,DOWN
6270,0.0801,-583.45,-586.36,DOWN
6336,0.1188,-575.62,-579.11,DOWN
6401,0.0346,-573.33,-575.21,DOWN
6467,0.1379,-564.23,-567.80,DOWN
6534,0.0759,-559.22,-562.02,DOWN
6599,0.1138,-551.72,-555.07,DOWN
6666,0.1226,-543.62,-547.35,DOWN
6731,0.0449,-540.66,-542.84,DOWN
6798,0.1079,-533.53,-536.56,DOWN
6863,0.0596,-529.60,-531.87,DOWN
6929,0.1088,-522.42,-525.49,DOWN
6996,0.0529,-518.92,-521.06,DOWN
7061,0.0671,-514.50,-516.63,DOWN
7127,0.0529,-511.00,-512.84,DOWN
7193,0.0784,-505.83,-508.11,DOWN
7260,0.0647,-501.56,-503.69,DOWN
7326,0.0062,-501.15,-501.98,DOWN
7391,0.0928,-495.03,-497.29,DOWN
7458,0.0288,-493.13,-494.48,DOWN
7524,0.0654,-488.81,-490.66,DOWN
7589,0.0360,-486.44,-487.81,DOWN
7656,0.0562,-482.73,-484.38,DOWN
7722,0.0139,-481.81,-482.65,DOWN
7787,0.0725,-477.03,-478.86,DOWN
7853,0.0545,-473.43,-475.19,DOWN
7919,0.0010,-473.36,-473.96,DOWN
7986,0.1213,-465.36,-468.15,DOWN
8051,0.0065,-464.93,-465.98,DOWN
8118,0.0497,-461.65,-463.06,DOWN
8184,0.0307,-459.62,-460.74,DOWN
8250,0.0868,-453.89,-456.12,DOWN
8316,-0.0006,-453.93,-454.64,DOWN
8381,0.0668,-449.53,-451.19,DOWN
8448,0.0569,-445.77,-447.53,DOWN
8514,0.0766,-440.72,-442.93,DOWN
8579,0.0851,-435.10,-437.65,DOWN
8645,-0.0000,-435.10,-435.93,DOWN
8712,0.0955,-428.80,-431.12,DOWN
8778,0.0544,-425.21,-427.14,DOWN
8843,0.0557,-421.54,-423.36,DOWN
8910,0.0449,-418.57,-420.13,DOWN
8976,0.0952,-412.29,-414.84,DOWN
9041,0.0303,-410.29,-411.77,DOWN
9108,0.0865,-404.58,-406.92,DOWN
9174,0.0465,-401.51,-403.27,DOWN
9239,0.0295,-399.56,-400.77,DOWN
9306,0.0676,-395.10,-396.95,DOWN
9372,0.0527,-391.62,-393.36,DOWN
9438,0.0801,-386.34,-388.62,DOWN
9504,0.0097,-385.70,-386.65,DOWN
9569,0.0763,-380.67,-382.61,DOWN
9636,0.0228,-379.16,-380.28,DOWN
9701,0.0531,-375.66,-377.16,DOWN
9767,0.0826,-370.21,-372.47,DOWN
9833,0.0630,-366.04,-368.13,DOWN
9900,0.0451,-363.07,-364.72,DOWN
9965,0.0631,-358.91,-360.80,DOWN
10031,0.0701,-354.28,-356.40,DOWN
10098,0.0195,-353.00,-354.10,DOWN
10163,0.0669,-348.58,-350.38,DOWN
10229,0.0374,-346.11,-347.50,DOWN
10296,0.0538,-342.56,-344.17,DOWN
10362,0.0388,-340.00,-341.36,DOWN
10427,0.0796,-334.74,-336.90,DOWN
10494,0.0283,-332.88,-334.19,DOWN
10559,0.0711,-328.18,-330.14,DOWN
10626,0.0594,-324.26,-326.17,DOWN
10691,0.0477,-321.12,-322.76,DOWN
10758,0.0436,-318.24,-319.71,DOWN
10824,0.0376,-315.75,-317.04,DOWN
10889,0.0695,-311.17,-313.08,DOWN
10956,0.0287,-309.27,-310.51,DOWN
11021,0.0682,-304.77,-306.64,DOWN
11088,0.0143,-303.83,-304.74,DOWN
11153,0.0640,-299.60,-301.28,DOWN
11219,0.0280,-297.76,-298.90,DOWN
11286,0.0514,-294.37,-295.84,DOWN
11352,0.0560,-290.67,-292.35,DOWN
11418,0.0245,-289.05,-290.13,DOWN
11483,0.0935,-282.88,-285.24,DOWN
11550,0.0283,-281.01,-282.39,DOWN
11616,0.0433,-278.15,-279.53,DOWN
11681,0.0222,-276.69,-277.62,DOWN
11747,0.1063,-269.68,-272.26,DOWN
11814,0.0097,-269.04,-270.09,DOWN
11880,0.0387,-266.48,-267.66,DOWN
11946,0.1208,-258.51,-261.49,DOWN
12012,0.0003,-258.49,-259.47,DOWN
12078,0.0766,-253.43,-255.40,DOWN
12143,0.0336,-251.22,-252.58,DOWN
12209,0.0887,-245.36,-247.71,DOWN
12276,0.0081,-244.83,-245.76,DOWN
12341,0.0936,-238.65,-240.96,DOWN
12407,0.0379,-236.14,-237.71,DOWN
12473,0.0538,-232.59,-234.26,DOWN
12540,0.0518,-229.17,-230.83,DOWN
12606,0.0387,-226.62,-227.99,DOWN
12671,0.0593,-222.71,-224.43,DOWN
12738,0.0182,-221.51,-222.46,DOWN
12803,0.0966,-215.13,-217.51,DOWN
12869,0.0049,-214.81,-215.69,DOWN
12936,0.0649,-210.52,-212.20,DOWN
13002,0.0145,-209.56,-210.42,DOWN
13067,0.0758,-204.56,-206.47,DOWN
13133,0.0426,-201.75,-203.29,DOWN
13200,0.0453,-198.76,-200.23,DOWN
13265,0.0725,-193.97,-196.01,DOWN
13331,0.0179,-192.79,-193.84,DOWN
13398,0.0679,-188.31,-190.11,DOWN
13464,0.0157,-187.27,-188.20,DOWN
13529,0.0803,-181.97,-184.00,DOWN
13596,-0.0003,-181.99,-182.64,DOWN
13661,0.0732,-177.16,-178.94,DOWN
13728,0.0438,-174.27,-175.79,DOWN
13793,0.0464,-171.21,-172.70,DOWN
13859,0.0518,-167.78,-169.38,DOWN
13926,0.0082,-167.24,-167.94,DOWN
13991,0.0715,-162.53,-164.29,DOWN
14058,0.0104,-161.84,-162.64,DOWN
14123,0.0971,-155.43,-157.77,DOWN
14190,0.0289,-153.53,-154.91,DOWN
14256,0.0816,-148.14,-150.34,DOWN
14321,0.0169,-147.02,-148.10,DOWN
14388,0.0793,-141.78,-143.84,DOWN
14454,0.0792,-136.56,-138.93,DOWN
14519,0.0392,-133.97,-135.58,DOWN
14586,0.0814,-128.60,-130.87,DOWN
14652,0.0074,-128.11,-129.01,DOWN
14718,0.0825,-122.66,-124.73,DOWN
14783,0.0109,-121.94,-122.85,DOWN
14849,0.0953,-115.65,-117.99,DOWN
14916,0.0210,-114.27,-115.48,DOWN
14981,0.0632,-110.10,-111.85,DOWN
15047,0.0102,-109.43,-110.21,DOWN
15114,0.0772,-104.33,-106.24,DOWN
15179,0.0806,-99.01,-101.36,DOWN
15246,0.0070,-98.55,-99.46,DOWN
15311,0.0906,-92.57,-94.81,DOWN
15378,0.0378,-90.07,-91.61,DOWN
15443,0.0861,-84.39,-86.74,DOWN
15509,0.0150,-83.40,-84.48,DOWN
15576,0.0891,-77.52,-79.78,DOWN
15642,0.0287,-75.62,-76.98,DOWN
15707,0.0611,-71.59,-73.34,DOWN
15773,0.0144,-70.64,-71.52,DOWN
15840,0.0159,-69.59,-70.22,DOWN
15906,0.0787,-64.40,-66.29,DOWN
15971,0.0186,-63.17,-64.19,DOWN
16038,0.1154,-55.55,-58.36,DOWN
16104,0.0864,-49.85,-52.62,DOWN
16169,0.1991,-36.71,-41.88,DOWN
16236,0.1281,-28.25,-32.69,DOWN
16302,0.2956,-8.74,-16.53,DOWN
16368,0.2377,6.94,-0.70,DOWN
16433,0.3785,31.92,21.31,DOWN
16499,0.3733,56.56,45.09,DOWN
16566,0.4727,87.76,73.88,DOWN
16631,0.4422,116.94,102.93,DOWN
16698,0.5033,150.17,134.80,DOWN
16763,0.6159,190.82,172.59,DOWN
16830,0.6178,231.59,212.39,DOWN
16896,0.6425,274.00,253.95,DOWN
16961,0.6825,319.05,297.87,DOWN
17028,0.7276,367.07,344.55,DOWN
17093,0.7225,414.76,391.91,DOWN
17159,0.8102,468.23,443.40,DOWN
17226,0.8585,524.89,498.38,DOWN
17292,0.7987,577.61,551.83,DOWN
17358,0.7702,628.44,603.51,DOWN
17423,0.7022,674.78,651.59,DOWN
17490,0.6180,715.57,694.76,DOWN
17556,0.5781,753.73,734.54,DOWN
17621,0.5423,789.51,771.63,DOWN
17687,0.4669,820.33,804.48,DOWN
17754,0.3894,846.03,832.51,DOWN
17819,0.3893,871.72,858.97,DOWN
17885,0.3030,891.72,881.07,DOWN
17951,0.2424,907.72,899.05,DOWN
18018,0.1948,920.58,913.57,DOWN
18083,0.1792,932.40,926.28,DOWN
18149,0.1164,940.08,935.59,DOWN
18216,0.0037,940.33,938.79,DOWN
18281,0.0001,940.34,939.83,DOWN
18347,0.0137,941.24,940.78,DOWN
18413,-0.0055,940.88,940.85,DOWN
18480,-0.0196,939.58,939.99,DOWN
18545,-0.0332,937.39,938.24,DOWN
18611,0.0012,937.47,937.72,DOWN
18678,0.0095,938.10,937.97,DOWN
18744,-0.0063,937.68,937.78,DOWN
18809,-0.0111,936.95,937.22,DOWN
18876,0.0120,937.74,937.57,DOWN
18942,0.0276,939.56,938.91,DOWN
19007,0.0182,940.76,940.16,DOWN
19073,0.0153,941.77,941.25,DOWN
19139,0.0098,942.42,942.04,DOWN
19206,0.0001,942.43,942.30,DOWN
19271,-0.0207,941.06,941.47,DOWN
19338,0.0077,941.57,941.54,DOWN
19404,-0.0043,941.28,941.36,DOWN
19470,-0.0031,941.08,941.17,DOWN
19536,0.0037,941.32,941.27,DOWN
19601,0.0083,941.87,941.68,DOWN
19668,-0.0233,940.33,940.77,DOWN
19733,0.0026,940.51,940.59,DOWN
19800,-0.0005,940.47,940.51,DOWN
19865,-0.0186,939.25,939.66,DOWN
19932,0.0058,939.63,939.64,DOWN
19998,-0.0023,939.47,939.53,DOWN
20063,-0.0288,937.57,938.21,DOWN
20130,-0.0082,937.03,937.41,DOWN
20195,0.0143,937.98,937.79,DOWN
20261,0.0336,940.20,939.42,DOWN
20327,0.0235,941.75,940.99,DOWN
20394,0.0642,945.99,944.36,DOWN
20459,0.0528,949.47,947.81,DOWN
20525,0.0791,954.70,952.46,DOWN
20592,0.1054,961.65,958.66,DOWN
20658,0.0845,967.23,964.44,DOWN
20723,0.0971,973.64,970.64,DOWN
20789,0.1391,982.82,978.86,DOWN
20856,0.1153,990.42,986.66,DOWN
20921,0.0873,996.19,993.09,DOWN
20987,0.0998,1002.78,999.62,DOWN
21053,0.0864,1008.48,1005.60,DOWN
21120,0.0349,1010.78,1009.10,DOWN
21185,-0.0411,1008.07,1008.40,DOWN
21251,0.0093,1008.68,1008.59,DOWN
21318,-0.0096,1008.05,1008.23,DOWN
21383,-0.0046,1007.75,1007.90,DOWN
21449,0.0073,1008.23,1008.12,DOWN
21516,-0.0014,1008.14,1008.13,DOWN
21582,0.0217,1009.57,1009.10,DOWN
21647,0.0090,1010.16,1009.82,DOWN
21713,0.0198,1011.47,1010.93,DOWN
21780,0.0214,1012.88,1012.25,DOWN
21846,-0.0009,1012.83,1012.64,DOWN
21912,0.0062,1013.24,1013.04,DOWN
21978,0.0129,1014.09,1013.75,DOWN
22044,0.0059,1014.48,1014.24,DOWN
22109,0.0126,1015.31,1014.96,DOWN
22176,0.0157,1016.34,1015.89,DOWN
22241,0.0156,1017.37,1016.89,DOWN
22308,0.0050,1017.70,1017.44,DOWN
22373,0.0241,1019.29,1018.69,DOWN
22440,0.0130,1020.15,1019.68,DOWN
22506,0.0173,1021.29,1020.77,DOWN
22572,0.0100,1021.95,1021.57,DOWN
22638,0.0124,1022.77,1022.38,DOWN
22703,-0.0051,1022.43,1022.42,DOWN
22770,0.0096,1023.06,1022.85,DOWN
22835,0.0195,1024.35,1023.86,DOWN
22901,0.0268,1026.12,1025.39,DOWN
22967,0.0192,1027.39,1026.74,DOWN
23034,0.0322,1029.52,1028.61,DOWN
23099,0.0170,1030.64,1029.98,DOWN
23166,-0.0092,1030.03,1030.02,DOWN
23232,0.0057,1030.41,1030.28,DOWN
23298,-0.0044,1030.12,1030.17,DOWN
23363,-0.0331,1027.93,1028.66,DOWN
23429,0.0172,1029.07,1028.94,DOWN
23496,-0.0007,1029.03,1029.00,DOWN
23561,0.0043,1029.31,1029.21,DOWN
23627,0.0153,1030.32,1029.96,DOWN
23693,0.0590,1034.22,1032.83,DOWN
23760,0.0442,1037.13,1035.73,DOWN
23826,-0.0126,1036.30,1036.12,DOWN
23891,-0.0114,1035.55,1035.74,DOWN
23958,-0.0189,1034.31,1034.77,DOWN
24023,0.0070,1034.77,1034.77,DOWN
24089,-0.0069,1034.31,1034.46,DOWN
24156,0.0683,1038.82,1037.40,DOWN
24222,0.0693,1043.40,1041.45,DOWN
24287,0.0979,1049.86,1047.12,DOWN
24353,0.0298,1051.83,1050.30,DOWN
24420,0.0417,1054.58,1053.19,DOWN
24486,0.0464,1057.64,1056.19,DOWN
24551,0.0954,1063.94,1061.42,DOWN
24618,0.0578,1067.75,1065.69,DOWN
24684,0.0253,1069.42,1068.21,DOWN
24749,0.0508,1072.78,1071.29,DOWN
24816,0.1051,1079.72,1076.98,DOWN
24881,0.0939,1085.92,1083.01,DOWN
24948,0.1464,1095.58,1091.49,DOWN
25013,0.0879,1101.38,1098.16,DOWN
25079,0.1189,1109.23,1105.63,DOWN
25146,0.1320,1117.94,1113.93,DOWN
25211,0.1495,1127.80,1123.29,DOWN
25278,0.1012,1134.49,1130.84,DOWN
25343,0.0696,1139.08,1136.40,DOWN
25410,0.0973,1145.50,1142.54,DOWN
25475,0.0666,1149.89,1147.50,DOWN
25541,0.1044,1156.78,1153.76,DOWN
25608,0.1116,1164.15,1160.77,DOWN
25674,0.1135,1171.64,1168.11,DOWN
25739,0.0916,1177.69,1174.57,DOWN
25806,0.1198,1185.60,1182.01,DOWN
25872,0.1083,1192.74,1189.25,DOWN
25938,0.0698,1197.35,1194.71,DOWN
26003,0.0850,1202.96,1200.28,DOWN
26069,0.1046,1209.86,1206.74,DOWN
26136,0.1050,1216.79,1213.52,DOWN
26201,0.0824,1222.23,1219.40,DOWN
26267,0.0648,1226.51,1224.20,DOWN
26334,0.0947,1232.76,1229.98,DOWN
26399,0.0790,1237.98,1235.37,DOWN
26466,0.0714,1242.69,1240.31,DOWN
26531,0.0811,1248.04,1245.53,DOWN
26598,0.0830,1253.52,1250.92,DOWN
26663,0.0724,1258.30,1255.90,DOWN
26729,0.0812,1263.65,1261.13,DOWN
26796,0.0840,1269.20,1266.57,DOWN
26862,0.0826,1274.65,1272.02,DOWN
26927,0.0943,1280.88,1278.00,DOWN
26994,0.0788,1286.08,1283.45,DOWN
27060,0.0673,1290.52,1288.22,DOWN
27125,0.0616,1294.58,1292.51,DOWN
27191,0.0679,1299.06,1296.93,DOWN
27258,0.0682,1303.57,1301.41,DOWN
27324,0.0654,1307.88,1305.78,DOWN
27389,0.0515,1311.28,1309.49,DOWN
27456,0.0598,1315.23,1313.37,DOWN
27522,0.0493,1318.49,1316.82,DOWN
27588,0.0512,1321.87,1320.22,DOWN
27653,0.0510,1325.23,1323.60,DOWN
27719,0.0385,1327.77,1326.42,DOWN
27786,0.0552,1331.42,1329.79,DOWN
27851,0.0622,1335.53,1333.66,DOWN
27918,0.0531,1339.03,1337.28,DOWN
27983,0.0472,1342.15,1340.57,DOWN
28050,0.0395,1344.76,1343.39,DOWN
28116,0.0424,1347.55,1346.20,DOWN
28181,0.0491,1350.79,1349.30,DOWN
28248,0.0420,1353.57,1352.18,DOWN
28314,0.0376,1356.05,1354.79,DOWN
28379,0.0479,1359.21,1357.77,DOWN
28446,0.0432,1362.07,1360.67,DOWN
28512,0.0374,1364.53,1363.28,DOWN
28578,0.0457,1367.55,1366.16,DOWN
28643,0.0315,1369.63,1368.50,DOWN
28710,0.0517,1373.04,1371.56,DOWN
28776,0.0464,1376.11,1374.63,DOWN
28841,0.0456,1379.12,1377.66,DOWN
28908,0.0456,1382.13,1380.67,DOWN
28974,0.0342,1384.39,1383.18,DOWN
29039,0.0468,1387.48,1386.08,DOWN
29106,0.0521,1390.92,1389.34,DOWN
29171,0.0529,1394.41,1392.76,DOWN
29238,0.0441,1397.32,1395.84,DOWN
29303,0.0456,1400.33,1398.87,DOWN
29369,0.0402,1402.98,1401.64,DOWN
29436,0.0466,1406.06,1404.62,DOWN
29501,0.0520,1409.49,1407.91,DOWN
29567,0.0103,1410.17,1409.44,DOWN
29633,0.0324,1412.31,1411.38,DOWN
29700,0.0599,1416.27,1414.67,DOWN
29766,0.0256,1417.96,1416.89,DOWN
29831,0.0141,1418.89,1418.24,DOWN
29898,-0.0015,1418.79,1418.61,DOWN
29964,0.0443,1421.71,1420.70,DOWN
30029,0.0555,1425.38,1423.85,DOWN
30096,0.0649,1429.66,1427.77,DOWN
30162,0.0624,1433.78,1431.82,DOWN
30227,0.0679,1438.26,1436.17,DOWN
30293,0.0678,1442.74,1440.60,DOWN
30359,0.0535,1446.27,1444.42,DOWN
30426,0.0457,1449.28,1447.70,DOWN
30491,0.0596,1453.22,1451.42,DOWN
30558,0.0756,1458.20,1456.00,DOWN
30624,0.0658,1462.55,1460.42,DOWN
30690,0.0763,1467.59,1465.26,DOWN
30755,0.0595,1471.51,1469.48,DOWN
30821,0.0729,1476.32,1474.10,DOWN
30888,0.0561,1480.02,1478.09,DOWN
30953,0.0750,1484.97,1482.74,DOWN
31019,0.0378,1487.47,1485.93,DOWN
31086,0.1025,1494.23,1491.53,DOWN
31152,0.0710,1498.92,1496.51,DOWN
31218,0.0198,1500.23,1499.02,DOWN
31283,0.0806,1505.55,1503.42,DOWN
31350,0.0578,1509.36,1507.43,DOWN
31416,-0.0124,1508.54,1508.18,DOWN
31481,-0.0283,1506.68,1507.17,DOWN
31547,0.0585,1510.54,1509.44,DOWN
31614,0.0023,1510.70,1510.29,DOWN
31679,0.0395,1513.30,1512.32,DOWN
31746,0.0341,1515.55,1514.50,DOWN
31811,0.0253,1517.22,1516.34,DOWN
31878,0.0355,1519.57,1518.52,DOWN
31943,0.0525,1523.03,1521.56,DOWN
32009,0.0369,1525.47,1524.20,DOWN
32076,0.0455,1528.47,1527.08,DOWN
32141,0.0613,1532.52,1530.75,DOWN
32207,0.0650,1536.81,1534.84,DOWN
32273,0.0304,1538.82,1537.52,DOWN
32340,0.0465,1541.88,1540.47,DOWN
32406,0.0497,1545.17,1543.64,DOWN
32471,0.0639,1549.38,1547.51,DOWN
32538,0.0387,1551.94,1550.50,DOWN
32603,0.0411,1554.65,1553.30,DOWN
32670,0.0450,1557.62,1556.21,DOWN
32736,0.0525,1561.09,1559.50,DOWN
32802,0.0407,1563.77,1562.38,DOWN
32867,0.0538,1567.33,1565.72,DOWN
32933,0.0485,1570.53,1568.96,DOWN
33000,0.0366,1572.94,1571.65,DOWN
33066,0.0416,1575.69,1574.37,DOWN
33131,0.0615,1579.75,1578.00,DOWN
33198,0.0393,1582.34,1580.93,DOWN
33264,0.0224,1583.82,1582.88,DOWN
33329,-0.0152,1582.82,1582.84,DOWN
33396,-0.1162,1575.15,1577.65,DOWN
33461,-0.0656,1570.82,1573.04,DOWN
33528,-0.0564,1567.10,1569.03,DOWN
33593,-0.1155,1559.48,1562.59,DOWN
33659,-0.0876,1553.69,1556.59,DOWN
33726,-0.0668,1549.28,1551.66,DOWN
33792,-0.1217,1541.25,1544.64,DOWN
33858,-0.2218,1526.62,1532.48,DOWN
33923,-0.2675,1508.96,1516.61,DOWN
33990,-0.2791,1490.54,1499.02,DOWN
34056,-0.3170,1469.62,1479.18,DOWN
34121,-0.3493,1446.56,1457.18,DOWN
34187,-0.3274,1424.95,1435.44,DOWN
34254,-0.3751,1400.20,1411.66,DOWN
34319,-0.3910,1374.39,1386.52,DOWN
34386,-0.3964,1348.23,1360.69,DOWN
34452,-0.4442,1318.91,1332.50,DOWN
34518,-0.4375,1290.04,1303.86,DOWN
34583,-0.4821,1258.22,1273.07,DOWN
34649,-0.4747,1226.89,1241.92,DOWN
34716,-0.5349,1191.59,1207.96,DOWN
34781,-0.5418,1155.83,1172.79,DOWN
34847,-0.5582,1118.99,1136.50,DOWN
34914,-0.6124,1078.57,1097.42,DOWN
34980,-0.5933,1039.42,1058.29,DOWN
35046,-0.6013,999.73,1018.78,DOWN
35111,-0.6301,958.14,977.88,DOWN
35178,-0.6710,913.86,934.69,DOWN
35243,-0.6878,868.47,890.01,DOWN
35309,-0.6803,823.57,845.19,DOWN
35376,-0.5890,784.70,804.38,DOWN
35442,-0.5517,748.28,766.54,DOWN
35508,-0.4494,718.62,734.21,DOWN
35573,-0.3721,694.06,707.12,DOWN
35640,-0.2902,674.91,685.39,DOWN
35706,-0.1887,662.46,669.92,DOWN
35771,-0.1273,654.06,659.22,DOWN
35838,-0.0135,653.16,655.13,DOWN
35904,0.1175,660.92,659.04,DOWN
35969,0.0545,664.52,662.73,DOWN
36036,0.0230,666.04,664.96,DOWN
36101,0.0706,670.69,668.83,DOWN
36168,0.0999,677.28,674.53,DOWN
36233,0.0595,681.21,679.04,DOWN
36299,-0.0214,679.80,679.55,DOWN
36366,0.0831,685.29,683.42,DOWN
36431,0.0445,688.23,686.66,DOWN
36498,0.0198,689.53,688.60,DOWN
36563,0.0261,691.26,690.39,DOWN
36630,-0.0029,691.06,690.85,DOWN
36696,0.0808,696.40,694.59,DOWN
36761,-0.0375,693.92,694.14,DOWN
36828,0.0229,695.43,695.01,DOWN
36894,0.0050,695.77,695.52,DOWN
36959,0.0238,697.34,696.75,DOWN
37026,0.0122,698.14,697.69,DOWN
37092,0.0205,699.50,698.91,DOWN
37158,0.0341,701.75,700.82,DOWN
37223,0.0073,702.23,701.77,DOWN
37289,0.0304,704.24,703.43,DOWN
37356,-0.0454,701.24,701.95,DOWN
37421,0.0368,703.67,703.11,DOWN
37487,0.0039,703.93,703.66,DOWN
37554,-0.0104,703.24,703.38,DOWN
37619,0.0031,703.44,703.42,DOWN
37686,0.0343,705.71,704.96,DOWN
37751,0.0160,706.76,706.18,DOWN
37818,-0.0296,704.81,705.25,DOWN
37883,0.0554,708.46,707.42,DOWN
37949,0.0055,708.83,708.37,DOWN
38016,0.0385,711.37,710.39,DOWN
38082,0.1004,718.00,715.52,DOWN
38147,0.1604,728.58,724.33,DOWN
38214,0.1451,738.16,733.66,DOWN
38280,0.2182,752.56,746.41,DOWN
38345,0.3005,772.39,763.94,DOWN
38412,0.2993,792.15,782.97,DOWN
38478,0.3341,814.20,804.04,DOWN
38544,0.4556,844.27,831.18,DOWN
38609,0.3788,869.27,856.88,DOWN
38676,0.5372,904.72,889.16,DOWN
38742,0.5483,940.91,924.07,DOWN
38808,0.5838,979.45,961.43,DOWN
38873,0.6055,1019.40,1000.54,DOWN
38939,0.6537,1062.55,1042.37,DOWN
39006,0.6920,1108.22,1086.79,DOWN
39071,0.7895,1160.32,1136.40,DOWN
39138,0.7991,1213.07,1188.12,DOWN
39203,0.7445,1262.20,1238.10,DOWN
39270,0.7569,1312.16,1288.06,DOWN
39336,0.7333,1360.56,1336.97,DOWN
39401,0.6762,1405.19,1382.99,DOWN
39468,0.5949,1444.45,1424.45,DOWN
39533,0.5639,1481.67,1463.05,DOWN
39600,0.4739,1512.94,1496.71,DOWN
39666,0.4316,1541.43,1526.88,DOWN
39732,0.4056,1568.20,1554.76,DOWN
39798,0.3349,1590.30,1578.74,DOWN
39863,0.2649,1607.78,1598.33,DOWN
39930,0.2194,1622.27,1614.48,DOWN
39996,0.1802,1634.16,1627.76,DOWN
40061,0.1152,1641.77,1637.21,DOWN
40127,0.0703,1646.40,1643.41,DOWN
40194,0.0121,1647.20,1645.97,DOWN
40259,-0.0293,1645.27,1645.49,DOWN
40326,-0.0337,1643.04,1643.84,DOWN
40391,-0.0159,1641.99,1642.59,DOWN
40458,-0.0434,1639.12,1640.25,DOWN
40523,-0.0327,1636.96,1638.03,DOWN
40589,-0.0243,1635.36,1636.23,DOWN
40656,-0.0253,1633.69,1634.52,DOWN
40721,-0.0375,1631.22,1632.29,DOWN
40787,-0.0094,1630.59,1631.15,DOWN
40853,0.0067,1631.04,1631.07,DOWN
40920,-0.0074,1630.55,1630.72,DOWN
40985,-0.0098,1629.90,1630.17,DOWN
41051,0.0286,1631.79,1631.26,DOWN
41118,0.0155,1632.81,1632.31,DOWN
41184,-0.0048,1632.49,1632.43,DOWN
41249,0.0112,1633.23,1632.97,DOWN
41316,0.0219,1634.68,1634.12,DOWN
41382,0.0061,1635.08,1634.76,DOWN
41447,0.0093,1635.69,1635.39,DOWN
41514,0.0130,1636.55,1636.17,DOWN
41579,0.0366,1638.96,1638.05,DOWN
41646,0.0288,1640.87,1639.95,DOWN
41712,0.0308,1642.90,1641.94,DOWN
41778,0.0158,1643.95,1643.29,DOWN
41844,0.0675,1648.40,1646.74,DOWN
41910,0.0676,1652.86,1650.87,DOWN
41976,0.0630,1657.01,1655.01,DOWN
42041,0.0862,1662.70,1660.20,DOWN
42108,0.0916,1668.74,1665.96,DOWN
42173,0.0825,1674.19,1671.51,DOWN
42239,0.0927,1680.30,1677.44,DOWN
42306,0.1173,1688.05,1684.60,DOWN
42372,0.1189,1695.89,1692.22,DOWN
42438,0.1221,1703.96,1700.14,DOWN
42504,0.1142,1711.49,1707.79,DOWN
42570,0.1556,1721.76,1717.21,DOWN
42636,0.1577,1732.17,1727.30,DOWN
42701,0.1368,1741.19,1736.67,DOWN
42767,0.1642,1752.03,1747.03,DOWN
42834,0.1832,1764.12,1758.56,DOWN
42899,0.1878,1776.51,1770.67,DOWN
42966,0.1904,1789.08,1783.09,DOWN
43031,0.2328,1804.45,1797.50,DOWN
43098,0.2442,1820.56,1813.06,DOWN
43163,0.2122,1834.57,1827.57,DOWN
43229,0.1724,1845.95,1839.97,DOWN
43296,0.1784,1857.72,1851.95,DOWN
43361,0.1680,1868.81,1863.32,DOWN
43427,0.1244,1877.02,1872.57,DOWN
43493,0.0321,1879.15,1877.01,DOWN
43560,0.1690,1890.30,1885.98,DOWN
43625,0.0679,1894.78,1891.92,DOWN
43691,0.1090,1901.98,1898.70,DOWN
43758,0.0925,1908.08,1905.03,DOWN
43824,0.0857,1913.74,1910.90,DOWN
43889,0.1076,1920.84,1917.61,DOWN
43955,0.0846,1926.42,1923.55,DOWN
44022,0.0808,1931.76,1929.09,DOWN
44087,0.0956,1938.07,1935.15,DOWN
44153,0.0936,1944.25,1941.29,DOWN
44219,0.0945,1950.48,1947.49,DOWN
44286,0.0973,1956.90,1953.84,DOWN
44351,0.0843,1962.46,1959.66,DOWN
44418,0.0732,1967.29,1964.81,DOWN
44484,0.0899,1973.23,1970.49,DOWN
44549,0.0810,1978.57,1975.94,DOWN
44616,0.0790,1983.79,1981.23,DOWN
44681,0.0810,1989.13,1986.56,DOWN
44748,0.0729,1993.94,1991.54,DOWN
44813,0.0586,1997.81,1995.77,DOWN
44879,0.0689,2002.36,2000.22,DOWN
44946,0.0710,2007.05,2004.82,DOWN
45012,0.0668,2011.45,2009.30,DOWN
45078,0.0595,2015.38,2013.40,DOWN
45143,0.0488,2018.60,2016.91,DOWN
45210,0.0670,2023.02,2021.03,DOWN
45276,0.0631,2027.19,2025.18,DOWN
45341,0.0565,2030.91,2029.05,DOWN
45407,0.0435,2033.78,2032.24,DOWN
45474,0.0821,2039.20,2036.93,DOWN
45539,0.0834,2044.70,2042.18,DOWN
45606,0.0239,2046.28,2044.94,DOWN
45672,0.0742,2051.17,2049.15,DOWN
45738,0.0432,2054.02,2052.44,DOWN
45803,0.0836,2059.54,2057.23,DOWN
45869,0.0662,2063.91,2061.74,DOWN
45936,0.0318,2066.01,2064.62,DOWN
46001,0.0415,2068.74,2067.40,DOWN
46067,0.0394,2071.34,2070.06,DOWN
46133,0.0724,2076.12,2074.15,DOWN
46200,0.0692,2080.69,2078.56,DOWN
46266,0.0421,2083.47,2081.87,DOWN
46331,0.0701,2088.09,2086.07,DOWN
46398,0.0678,2092.57,2090.45,DOWN
46463,0.0991,2099.11,2096.29,DOWN
46529,0.0604,2103.09,2100.88,DOWN
46596,0.0274,2104.90,2103.59,DOWN
46662,0.0233,2106.43,2105.51,DOWN
46727,0.1079,2113.56,2110.94,DOWN
46793,0.0877,2119.35,2116.61,DOWN
46860,0.0204,2120.69,2119.36,DOWN
46926,0.0153,2121.70,2120.94,DOWN
46991,0.0427,2124.52,2123.35,DOWN
47058,0.0234,2126.06,2125.18,DOWN
47124,0.0915,2132.10,2129.85,DOWN
47189,0.0406,2134.78,2133.17,DOWN
47256,0.0748,2139.72,2137.59,DOWN
47321,0.0733,2144.55,2142.28,DOWN
47387,0.1103,2151.83,2148.72,DOWN
47453,0.0207,2153.19,2151.74,DOWN
47519,0.0830,2158.67,2156.42,DOWN
47586,0.0088,2159.25,2158.33,DOWN
47651,0.0566,2162.99,2161.47,DOWN
47718,0.0697,2167.59,2165.60,DOWN
47783,0.0287,2169.48,2168.22,DOWN
47850,0.0577,2173.29,2171.64,DOWN
47916,0.0522,2176.73,2175.08,DOWN
47981,0.0374,2179.20,2177.86,DOWN
48048,-0.0022,2179.06,2178.67,DOWN
48114,0.1479,2188.82,2185.52,DOWN
48180,0.0141,2189.75,2188.38,DOWN
48246,0.1546,2199.96,2196.19,DOWN
48312,-0.1225,2191.87,2193.28,DOWN
48378,0.0897,2197.79,2196.32,DOWN
48443,0.0462,2200.84,2199.37,DOWN
48509,0.0767,2205.90,2203.78,DOWN
48576,-0.1461,2196.26,2198.71,DOWN
48641,0.0871,2202.01,2200.94,DOWN
48707,0.0370,2204.45,2203.31,DOWN
48774,0.0346,2206.74,2205.62,DOWN
48839,0.0447,2209.69,2208.37,DOWN
48906,0.0432,2212.54,2211.18,DOWN
48971,0.0361,2214.92,2213.71,DOWN
49038,0.0194,2216.20,2215.39,DOWN
49103,0.0951,2222.48,2220.17,DOWN
49169,0.0143,2223.42,2222.36,DOWN
49236,0.0503,2226.74,2225.31,DOWN
49302,0.0411,2229.45,2228.11,DOWN
49367,0.0980,2235.92,2233.38,DOWN
49433,0.0234,2237.46,2236.13,DOWN
49500,0.0621,2241.56,2239.79,DOWN
49565,0.0400,2244.20,2242.77,DOWN
49631,0.0532,2247.71,2246.11,DOWN
49698,0.0535,2251.24,2249.57,DOWN
49764,0.0598,2255.19,2253.36,DOWN
49829,0.0405,2257.86,2256.40,DOWN
49896,0.0535,2261.39,2259.77,DOWN
49962,0.0647,2265.66,2263.74,DOWN
50028,0.0379,2268.16,2266.72,DOWN
50093,0.0613,2272.21,2270.43,DOWN
50159,0.0381,2274.73,2273.33,DOWN
50226,0.0475,2277.86,2276.39,DOWN
50291,0.0610,2281.89,2280.10,DOWN
50358,0.0431,2284.73,2283.23,DOWN
50423,0.0576,2288.53,2286.81,DOWN
50490,0.0509,2291.90,2290.24,DOWN
50556,0.0456,2294.91,2293.39,DOWN
50621,0.0631,2299.07,2297.22,DOWN
50688,0.0459,2302.10,2300.51,DOWN
50753,0.0551,2305.74,2304.04,DOWN
50820,0.0382,2308.26,2306.89,DOWN
50886,0.0659,2312.61,2310.75,DOWN
50952,0.0244,2314.22,2313.09,DOWN
51018,0.0395,2316.82,2315.61,DOWN
51083,0.0482,2320.00,2318.57,DOWN
51149,0.0540,2323.56,2321.94,DOWN
51216,0.0529,2327.06,2325.39,DOWN
51281,0.0555,2330.72,2328.99,DOWN
51347,0.0850,2336.33,2333.94,DOWN
51414,0.1141,2343.86,2340.63,DOWN
51479,0.0320,2345.97,2344.23,DOWN
51546,0.0314,2348.04,2346.80,DOWN
51611,0.0139,2348.96,2348.25,DOWN
51678,0.0822,2354.38,2352.39,DOWN
51743,0.0475,2357.52,2355.85,DOWN
51809,0.0470,2360.62,2359.07,DOWN
51876,0.0554,2364.27,2362.58,DOWN
51941,-0.0059,2363.88,2363.46,DOWN
52007,0.0662,2368.25,2366.69,DOWN
52073,0.0202,2369.58,2368.64,DOWN
52140,-0.0089,2368.99,2368.88,DOWN
52205,0.0491,2372.23,2371.14,DOWN
52271,-0.0224,2370.75,2370.88,DOWN
52338,0.0048,2371.07,2371.01,DOWN
52404,0.0227,2372.57,2372.06,DOWN
52469,0.0524,2376.03,2374.74,DOWN
52536,0.0289,2377.93,2376.90,DOWN
52602,0.0033,2378.15,2377.74,DOWN
52667,0.0158,2379.19,2378.72,DOWN
52733,-0.0210,2377.81,2378.11,DOWN
52800,0.0469,2380.91,2380.00,DOWN
52866,0.0152,2381.91,2381.29,DOWN
52931,0.0145,2382.87,2382.35,DOWN
52998,-0.0215,2381.45,2381.74,DOWN
53064,0.0722,2386.21,2384.76,DOWN
53130,-0.0059,2385.82,2385.48,DOWN
53196,-0.0480,2382.66,2383.57,DOWN
53261,-0.0289,2380.75,2381.67,DOWN
53327,-0.0173,2379.61,2380.28,DOWN
53393,-0.0642,2375.37,2376.97,DOWN
53459,-0.0391,2372.79,2374.15,DOWN
53526,0.0546,2376.40,2375.67,DOWN
53592,0.0147,2377.37,2376.82,DOWN
53658,0.0080,2377.90,2377.55,DOWN
53723,0.0345,2380.17,2379.32,DOWN
53790,0.0011,2380.24,2379.94,DOWN
53856,-0.0056,2379.87,2379.90,DOWN
53921,-0.0030,2379.67,2379.75,DOWN
53987,0.0047,2379.98,2379.91,DOWN
54054,-0.0101,2379.32,2379.51,DOWN
54119,0.0057,2379.69,2379.63,DOWN
54186,0.0118,2380.47,2380.20,DOWN
54251,0.0164,2381.56,2381.12,DOWN
54318,0.0138,2382.47,2382.03,DOWN
54383,0.0172,2383.60,2383.09,DOWN
54449,0.0109,2384.32,2383.92,DOWN
54516,-0.0263,2382.58,2383.02,DOWN
54581,-0.0205,2381.23,2381.81,DOWN
54647,-0.0136,2380.34,2380.82,DOWN
54713,0.0104,2381.02,2380.95,DOWN
54780,0.0375,2383.49,2382.67,DOWN
54845,0.0049,2383.82,2383.45,DOWN
54912,0.0102,2384.49,2384.15,DOWN
54978,0.0502,2387.80,2386.61,DOWN
55044,0.0851,2393.42,2391.20,DOWN
55109,0.1403,2402.68,2398.94,DOWN
55176,0.0605,2406.67,2404.16,DOWN
55242,-0.0016,2406.56,2405.78,DOWN
55308,0.1675,2417.62,2413.77,DOWN
55373,0.1493,2427.47,2423.01,DOWN
55439,0.1108,2434.78,2430.95,DOWN
55506,0.1117,2442.16,2438.51,DOWN
55571,0.1623,2452.87,2448.20,DOWN
55638,0.1675,2463.93,2458.81,DOWN
55704,0.2377,2479.61,2472.84,DOWN
55769,0.3391,2501.99,2492.51,DOWN
55836,0.3456,2524.80,2514.29,DOWN
55901,0.3450,2547.57,2536.74,DOWN
55968,0.3828,2572.83,2561.09,DOWN
56033,0.3927,2598.75,2586.50,DOWN
56099,0.4406,2627.83,2614.38,DOWN
56166,0.4725,2659.01,2644.49,DOWN
56231,0.4135,2686.31,2672.70,DOWN
56297,0.4530,2716.20,2702.05,DOWN
56363,0.5182,2750.40,2734.67,DOWN
56430,0.5146,2784.37,2768.20,DOWN
56495,0.4974,2817.20,2801.25,DOWN
56561,0.5611,2854.23,2836.99,DOWN
56627,0.5599,2891.18,2873.55,DOWN
56694,0.5913,2930.21,2911.78,DOWN
56759,0.5782,2968.37,2949.96,DOWN
56825,0.6190,3009.22,2989.94,DOWN
56892,0.6137,3049.73,3030.27,DOWN
56957,0.6404,3091.99,3071.91,DOWN
57023,0.6563,3135.30,3114.68,DOWN
57089,0.6937,3181.09,3159.48,DOWN
57156,0.7056,3227.66,3205.48,DOWN
57221,0.6290,3269.17,3248.45,DOWN
57287,0.5763,3307.21,3288.09,DOWN
57353,0.4788,3338.81,3322.31,DOWN
57420,0.3770,3363.69,3350.23,DOWN
57485,0.3169,3384.61,3373.42,DOWN
57551,0.2176,3398.97,3390.66,DOWN
57618,0.1134,3406.45,3401.31,DOWN
57683,0.0307,3408.48,3406.15,DOWN
57749,-0.0616,3404.41,3404.98,DOWN
57815,-0.0163,3403.34,3403.87,DOWN
57882,-0.0110,3402.61,3403.02,DOWN
57947,-0.0842,3397.05,3398.99,DOWN
58013,-0.0907,3391.06,3393.64,DOWN
58080,-0.0158,3390.02,3391.19,DOWN
58146,-0.0189,3388.77,3389.56,DOWN
58212,-0.0483,3385.58,3386.88,DOWN
58278,-0.0329,3383.42,3384.54,DOWN
58344,-0.0072,3382.94,3383.46,DOWN
58409,0.0321,3385.06,3384.54,DOWN
58476,-0.0314,3382.99,3383.49,DOWN
58541,0.0218,3384.43,3384.12,DOWN
58608,-0.0011,3384.35,3384.28,DOWN
58673,0.0245,3385.97,3385.42,DOWN
58740,0.0007,3386.02,3385.83,DOWN
58806,0.0033,3386.24,3386.10,DOWN
58871,0.0421,3389.02,3388.07,DOWN
58938,0.0095,3389.64,3389.13,DOWN
59003,-0.0174,3388.50,3388.70,DOWN
59070,-0.0106,3387.80,3388.09,DOWN
59136,0.0376,3390.28,3389.57,DOWN
59201,0.0159,3391.33,3390.75,DOWN
59268,0.0127,3392.17,3391.71,DOWN
59334,0.0263,3393.90,3393.18,DOWN
59400,0.0391,3396.48,3395.41,DOWN
59466,0.0810,3401.83,3399.74,DOWN
59532,0.0013,3401.91,3401.20,DOWN
59598,0.0199,3403.23,3402.57,DOWN
59663,0.0309,3405.27,3404.39,DOWN
59729,0.0623,3409.37,3407.75,DOWN
59795,-0.0123,3408.56,3408.30,DOWN
59861,0.0296,3410.52,3409.80,DOWN
59927,-0.0084,3409.96,3409.91,DOWN
59994,0.0114,3410.72,3410.45,DOWN
60059,0.0279,3412.56,3411.87,DOWN
60126,0.0123,3413.37,3412.88,DOWN
60191,0.0353,3415.69,3414.78,DOWN
60258,0.0203,3417.03,3416.30,DOWN
60323,0.0746,3421.96,3420.11,DOWN
60389,-0.0416,3419.21,3419.50,DOWN
60456,0.0449,3422.17,3421.30,DOWN
60522,0.0106,3422.87,3422.36,DOWN
60587,0.0361,3425.26,3424.31,DOWN
60653,0.0307,3427.28,3426.32,DOWN
60720,0.0181,3428.47,3427.77,DOWN
60785,0.0804,3433.78,3431.82,DOWN
60851,-0.0366,3431.36,3431.51,DOWN
60918,0.0543,3434.94,3433.83,DOWN
60984,-0.0083,3434.39,3434.21,DOWN
61049,0.0578,3438.21,3436.91,DOWN
61116,-0.0251,3436.55,3436.67,DOWN
61182,0.0075,3437.05,3436.92,DOWN
61248,0.0682,3441.55,3440.04,DOWN
61313,-0.0329,3439.38,3439.59,DOWN
61379,0.0354,3441.72,3441.03,DOWN
61446,0.0013,3441.80,3441.55,DOWN
61511,0.0756,3446.79,3445.09,DOWN
61578,-0.0244,3445.18,3445.15,DOWN
61643,0.0821,3450.60,3448.82,DOWN
61710,0.0033,3450.82,3450.17,DOWN
61776,0.0079,3451.34,3450.96,DOWN
61841,0.0462,3454.39,3453.27,DOWN
61908,-0.0139,3453.47,3453.40,DOWN
61973,0.0601,3457.43,3456.12,DOWN
62039,-0.0562,3453.73,3454.50,DOWN
62106,0.0820,3459.14,3457.63,DOWN
62172,-0.0061,3458.73,3458.37,DOWN
62237,0.0450,3461.70,3460.62,DOWN
62303,-0.0117,3460.93,3460.83,DOWN
62369,0.0495,3464.20,3463.10,DOWN
62436,0.0432,3467.05,3465.76,DOWN
62501,-0.0256,3465.36,3465.49,DOWN
62567,0.0927,3471.48,3469.53,DOWN
62634,-0.0201,3470.15,3469.95,DOWN
62699,0.0687,3474.69,3473.15,DOWN
62766,-0.0222,3473.22,3473.20,DOWN
62831,0.0158,3474.26,3473.91,DOWN
62898,-0.0589,3470.37,3471.53,DOWN
62963,-0.1149,3462.79,3465.63,DOWN
63029,-0.1343,3453.93,3457.73,DOWN
63096,-0.2043,3440.44,3446.07,DOWN
63162,-0.1943,3427.62,3433.62,DOWN
63227,-0.3118,3407.04,3415.69,DOWN
63293,-0.3457,3384.22,3394.46,DOWN
63360,-0.3449,3361.46,3372.20,DOWN
63425,-0.4560,3331.36,3344.65,DOWN
63491,-0.4425,3302.15,3315.98,DOWN
63558,-0.4832,3270.26,3285.14,DOWN
63624,-0.5361,3234.88,3251.23,DOWN
63689,-0.6079,3194.75,3213.13,DOWN
63756,-0.6244,3153.54,3172.93,DOWN
63822,-0.6621,3109.84,3130.37,DOWN
63887,-0.7046,3063.34,3085.15,DOWN
63953,-0.7198,3015.84,3038.39,DOWN
64019,-0.7366,2967.22,2990.38,DOWN
64086,-0.7493,2917.77,2941.39,DOWN
64151,-0.6792,2872.94,2895.21,DOWN
64218,-0.6121,2832.54,2852.93,DOWN
64284,-0.5445,2796.61,2814.93,DOWN
64350,-0.5159,2762.56,2779.60,DOWN
64416,-0.4156,2735.13,2749.60,DOWN
64481,-0.3803,2710.03,2722.90,DOWN
64548,-0.2606,2692.83,2702.62,DOWN
64613,-0.1888,2680.37,2687.61,DOWN
64679,-0.1548,2670.15,2675.83,DOWN
64746,-0.1003,2663.53,2667.53,DOWN
64812,-0.0273,2661.73,2663.62,DOWN
64878,0.0192,2663.00,2663.20,DOWN
64943,0.0702,2667.63,2666.19,DOWN
65010,0.1318,2676.33,2673.03,DOWN
65075,0.1958,2689.26,2683.98,DOWN
65141,0.1866,2701.57,2695.85,DOWN
65207,0.1577,2711.98,2706.73,DOWN
65274,0.2010,2725.24,2719.22,DOWN
65339,0.1640,2736.06,2730.58,DOWN
65406,0.1581,2746.50,2741.32,DOWN
65471,0.1237,2754.66,2750.32,DOWN
65538,0.1482,2764.45,2759.85,DOWN
65603,0.1297,2773.01,2768.73,DOWN
65669,0.1380,2782.12,2777.76,DOWN
65736,0.1185,2789.93,2785.97,DOWN
65801,0.1242,2798.13,2794.18,DOWN
65867,0.1095,2805.36,2801.72,DOWN
65933,0.0972,2811.77,2808.50,DOWN
66000,0.0948,2818.03,2814.93,DOWN
66065,0.1275,2826.45,2822.70,DOWN
66131,0.1098,2833.69,2830.12,DOWN
66198,0.0992,2840.24,2836.95,DOWN
66264,0.0975,2846.67,2843.51,DOWN
66329,0.1116,2854.04,2850.61,DOWN
66396,0.0680,2858.53,2855.95,DOWN
66462,0.0635,2862.72,2860.52,DOWN
66527,0.0650,2867.01,2864.90,DOWN
66593,0.0299,2868.98,2867.65,DOWN
66659,0.0412,2871.70,2870.38,DOWN
66726,0.0255,2873.38,2872.41,DOWN
66791,-0.0053,2873.03,2872.83,DOWN
66858,-0.0148,2872.06,2872.31,DOWN
66924,-0.0129,2871.21,2871.57,DOWN
66989,-0.0550,2867.58,2868.88,DOWN
67056,-0.0431,2864.74,2866.08,DOWN
67121,0.0011,2864.81,2865.22,DOWN
67188,-0.0203,2863.47,2864.04,DOWN
67253,-0.0116,2862.71,2863.14,DOWN
67319,0.0187,2863.94,2863.68,DOWN
67386,0.1162,2871.61,2869.03,DOWN
67452,0.0854,2877.24,2874.57,DOWN
67518,-0.0027,2877.07,2876.26,DOWN
67583,0.0654,2881.39,2879.72,DOWN
67650,0.0576,2885.19,2883.41,DOWN
67715,0.0672,2889.62,2887.60,DOWN
67781,0.0578,2893.44,2891.54,DOWN
67847,0.0449,2896.40,2894.82,DOWN
67914,0.0716,2901.12,2899.07,DOWN
67979,0.0286,2903.01,2901.73,DOWN
68045,0.0494,2906.27,2904.79,DOWN
68112,0.0501,2909.58,2908.02,DOWN
68178,0.0596,2913.52,2911.73,DOWN
68243,0.0291,2915.44,2914.23,DOWN
68309,0.0555,2919.10,2917.52,DOWN
68376,0.0407,2921.79,2920.40,DOWN
68441,0.0518,2925.21,2923.64,DOWN
68508,0.0450,2928.18,2926.70,DOWN
68573,0.0432,2931.03,2929.62,DOWN
68640,0.0484,2934.22,2932.73,DOWN
68706,0.0564,2937.95,2936.25,DOWN
68771,0.0438,2940.84,2939.34,DOWN
68838,0.0410,2943.54,2942.18,DOWN
68903,0.0489,2946.77,2945.27,DOWN
68969,0.0429,2949.60,2948.19,DOWN
69036,0.0659,2953.94,2952.07,DOWN
69102,0.0414,2956.67,2955.18,DOWN
69167,0.0358,2959.04,2957.78,DOWN
69233,0.0595,2962.96,2961.28,DOWN
69300,0.0660,2967.32,2965.35,DOWN
69366,0.0191,2968.58,2967.53,DOWN
69431,0.0281,2970.44,2969.49,DOWN
69498,-0.0008,2970.38,2970.09,DOWN
69563,0.0538,2973.93,2972.68,DOWN
69629,0.1275,2982.35,2979.20,DOWN
69696,0.0336,2984.56,2982.82,DOWN
69761,0.0561,2988.26,2986.49,DOWN
69828,0.0979,2994.72,2992.05,DOWN
69893,0.0284,2996.60,2995.12,DOWN
69959,0.0231,2998.12,2997.14,DOWN
70026,0.0696,3002.71,3000.90,DOWN
70091,0.0972,3009.13,3006.45,DOWN
70158,0.0936,3015.31,3012.42,DOWN
70223,0.0495,3018.57,3016.57,DOWN
70290,0.0608,3022.58,3020.63,DOWN
70355,0.1118,3029.96,3026.92,DOWN
70421,0.1685,3041.08,3036.47,DOWN
70487,-0.0545,3037.48,3037.15,DOWN
70554,0.0920,3043.55,3041.47,DOWN
70619,0.1012,3050.23,3047.38,DOWN
70686,0.0782,3055.39,3052.78,DOWN
70752,-0.0080,3054.86,3054.18,DOWN
70818,0.0668,3059.27,3057.61,DOWN
70883,0.0112,3060.01,3059.23,DOWN
70949,0.1140,3067.54,3064.83,DOWN
71016,0.0696,3072.13,3069.76,DOWN
71081,0.0610,3076.16,3074.07,DOWN
71147,0.1534,3086.28,3082.31,DOWN
71214,-0.1004,3079.65,3080.52,DOWN
71279,-0.0716,3074.93,3076.75,DOWN
71345,0.1793,3086.76,3083.50,DOWN
71412,-0.0296,3084.81,3084.38,DOWN
71478,-0.0713,3080.11,3081.50,DOWN
71543,0.1513,3090.09,3087.30,DOWN
71609,0.0799,3095.37,3092.74,DOWN
71676,0.0347,3097.66,3096.06,DOWN
71742,0.0263,3099.40,3098.31,DOWN
71807,0.0427,3102.21,3100.94,DOWN
71873,0.0494,3105.47,3104.00,DOWN
71940,0.0733,3110.31,3108.26,DOWN
72006,0.0327,3112.47,3111.10,DOWN
72071,0.0308,3114.50,3113.40,DOWN
72138,0.0517,3117.92,3116.44,DOWN
72204,0.0744,3122.83,3120.75,DOWN
72269,0.0498,3126.11,3124.37,DOWN
72336,0.0195,3127.40,3126.42,DOWN
72402,0.0381,3129.92,3128.78,DOWN
72468,0.0599,3133.87,3132.21,DOWN
72533,0.0561,3137.57,3135.83,DOWN
72600,0.0477,3140.72,3139.13,DOWN
72666,0.0506,3144.06,3142.46,DOWN
72731,0.0357,3146.42,3145.13,DOWN
72798,0.0647,3150.69,3148.88,DOWN
72863,0.0610,3154.72,3152.82,DOWN
72930,0.0508,3158.07,3156.36,DOWN
72996,0.0567,3161.81,3160.04,DOWN
73061,0.0357,3164.17,3162.82,DOWN
73128,0.0480,3167.34,3165.87,DOWN
73193,0.0422,3170.12,3168.74,DOWN
73259,0.0374,3172.59,3171.34,DOWN
73325,0.0420,3175.36,3174.05,DOWN
73392,0.0576,3179.17,3177.50,DOWN
73458,-0.0089,3178.58,3178.23,DOWN
73523,0.0308,3180.61,3179.83,DOWN
73589,0.0598,3184.56,3183.02,DOWN
73656,0.0692,3189.12,3187.14,DOWN
73721,0.0598,3193.07,3191.14,DOWN
73787,0.0589,3196.96,3195.07,DOWN
73854,0.0579,3200.78,3198.92,DOWN
73919,0.0630,3204.94,3202.98,DOWN
73986,0.0619,3209.02,3207.06,DOWN
74051,0.0587,3212.90,3211.00,DOWN
74118,0.0683,3217.40,3215.32,DOWN
74183,0.0460,3220.44,3218.78,DOWN
74249,0.0728,3225.25,3223.14,DOWN
74316,0.0454,3228.25,3226.59,DOWN
74382,0.0663,3232.62,3230.66,DOWN
74447,0.0373,3235.08,3233.64,DOWN
74513,0.0633,3239.26,3237.43,DOWN
74580,0.0564,3242.99,3241.18,DOWN
74646,0.0426,3245.79,3244.29,DOWN
74712,0.0430,3248.63,3247.22,DOWN
74778,-0.0400,3245.99,3246.39,DOWN
74844,0.0170,3247.11,3246.88,DOWN
74909,-0.0767,3242.05,3243.62,DOWN
74976,0.0316,3244.13,3243.96,DOWN
75042,-0.0020,3244.00,3243.99,DOWN
75108,0.0150,3244.99,3244.66,DOWN
75173,0.0092,3245.59,3245.29,DOWN
75239,0.0035,3245.83,3245.65,DOWN
75306,0.0586,3249.69,3248.38,DOWN
75372,-0.0311,3247.64,3247.88,DOWN
75438,-0.0076,3247.14,3247.38,DOWN
75504,-0.0279,3245.30,3245.97,DOWN
75570,-0.0147,3244.33,3244.86,DOWN
75636,0.0102,3245.00,3244.96,DOWN
75701,-0.0228,3243.50,3243.97,DOWN
75768,-0.0081,3242.97,3243.29,DOWN
75833,0.0383,3245.49,3244.78,DOWN
75900,0.0219,3246.94,3246.24,DOWN
75966,0.0196,3248.23,3247.58,DOWN
76032,0.0142,3249.17,3248.65,DOWN
76098,0.0045,3249.47,3249.20,DOWN
76163,-0.0247,3247.83,3248.28,DOWN
76230,-0.0082,3247.29,3247.61,DOWN
76296,0.0064,3247.71,3247.68,DOWN
76361,-0.0186,3246.48,3246.87,DOWN
76427,-0.0071,3246.01,3246.29,DOWN
76494,-0.0138,3245.10,3245.49,DOWN
76559,0.0041,3245.37,3245.41,DOWN
76626,0.0057,3245.75,3245.64,DOWN
76691,0.0248,3247.38,3246.81,DOWN
76758,0.0093,3248.00,3247.61,DOWN
76823,0.0077,3248.51,3248.21,DOWN
76890,-0.0043,3248.22,3248.22,DOWN
76956,0.0085,3248.78,3248.60,DOWN
77021,0.0018,3248.90,3248.80,DOWN
77087,0.2438,3264.99,3259.72,DOWN
77153,0.1372,3274.04,3269.38,DOWN
77220,-0.0529,3270.55,3270.17,DOWN
77286,0.1208,3278.52,3275.80,DOWN
77351,0.1779,3290.26,3285.56,DOWN
77418,0.0573,3294.04,3291.28,DOWN
77484,0.0759,3299.05,3296.52,DOWN
77549,0.1701,3310.28,3305.80,DOWN
77616,0.1567,3320.62,3315.80,DOWN
77682,0.0967,3327.00,3323.36,DOWN
77747,0.2236,3341.76,3335.77,DOWN
77813,0.3277,3363.39,3354.40,DOWN
77879,0.3290,3385.11,3375.12,DOWN
77946,0.3129,3405.76,3395.79,DOWN
78011,0.4097,3432.80,3420.75,DOWN
78078,0.4108,3459.91,3447.17,DOWN
78144,0.3929,3485.84,3473.26,DOWN
78209,0.4354,3514.58,3501.13,DOWN
78276,0.4739,3545.86,3531.30,DOWN
78341,0.4759,3577.26,3562.31,DOWN
78408,0.4796,3608.92,3593.75,DOWN
78473,0.5012,3642.00,3626.30,DOWN
78539,0.5171,3676.13,3659.92,DOWN
78606,0.5588,3713.01,3695.73,DOWN
78672,0.5543,3749.59,3732.07,DOWN
78738,0.5712,3787.29,3769.33,DOWN
78803,0.6081,3827.43,3808.52,DOWN
78870,0.6213,3868.44,3848.94,DOWN
78936,0.6071,3908.50,3889.12,DOWN
79001,0.6888,3953.97,3932.87,DOWN
79067,0.6210,3994.95,3974.75,DOWN
79134,0.6107,4035.26,4015.57,DOWN
79200,0.7105,4082.15,4060.49,DOWN
79266,0.7109,4129.07,4106.75,DOWN
79332,0.6056,4169.04,4148.77,DOWN
79398,0.5500,4205.34,4186.93,DOWN
79463,0.4003,4231.76,4217.18,DOWN
79529,0.3338,4253.79,4241.88,DOWN
79596,0.2991,4273.53,4263.23,DOWN
79661,0.1502,4283.44,4276.87,DOWN
79727,0.1107,4290.75,4286.23,DOWN
79793,-0.0096,4290.12,4288.85,DOWN
79860,-0.0337,4287.89,4288.20,DOWN
79925,0.0047,4288.21,4288.21,DOWN
79991,-0.1206,4280.24,4282.83,DOWN
80058,-0.0198,4278.94,4280.21,DOWN
80123,-0.0170,4277.82,4278.59,DOWN
80190,0.0028,4278.00,4278.19,DOWN
80256,-0.0447,4275.05,4276.07,DOWN
80322,0.0070,4275.51,4275.69,DOWN
80387,-0.0335,4273.30,4274.08,DOWN
80453,0.0359,4275.66,4275.15,DOWN
80520,-0.0205,4274.31,4274.58,DOWN
80586,-0.0185,4273.09,4273.57,DOWN
80651,0.0163,4274.16,4273.97,DOWN
80718,0.0508,4277.52,4276.37,DOWN
80784,-0.0536,4273.98,4274.76,DOWN
80849,0.0675,4278.44,4277.24,DOWN
80916,-0.0337,4276.21,4276.55,DOWN
80981,0.0196,4277.50,4277.19,DOWN
81048,0.0141,4278.44,4278.03,DOWN
81114,0.0296,4280.39,4279.62,DOWN
81180,0.0402,4283.04,4281.93,DOWN
81246,-0.0139,4282.12,4282.06,DOWN
81311,0.0498,4285.41,4284.32,DOWN
81378,-0.0013,4285.33,4285.00,DOWN
81443,0.0291,4287.25,4286.52,DOWN
81510,-0.0152,4286.24,4286.33,DOWN
81576,0.0576,4290.04,4288.84,DOWN
81641,-0.0078,4289.53,4289.30,DOWN
81707,0.0487,4292.74,4291.62,DOWN
81774,0.0445,4295.68,4294.36,DOWN
81839,0.0198,4296.99,4296.13,DOWN
81906,0.0347,4299.28,4298.26,DOWN
81972,0.0156,4300.31,4299.64,DOWN
82038,0.0421,4303.08,4301.96,DOWN
82104,-0.0055,4302.72,4302.47,DOWN
82169,0.0378,4305.21,4304.32,DOWN
82236,0.0330,4307.39,4306.39,DOWN
82301,0.0515,4310.79,4309.36,DOWN
82367,0.0135,4311.68,4310.92,DOWN
82434,0.0093,4312.29,4311.85,DOWN
82500,0.0104,4312.98,4312.61,DOWN
82566,0.0285,4314.86,4314.13,DOWN
82631,0.0607,4318.86,4317.32,DOWN
82698,-0.0013,4318.78,4318.30,DOWN
82763,0.0354,4321.11,4320.20,DOWN
82829,0.0156,4322.14,4321.51,DOWN
82896,0.0187,4323.37,4322.77,DOWN
82962,0.0268,4325.15,4324.37,DOWN
83027,0.0249,4326.79,4326.00,DOWN
83093,0.0016,4326.89,4326.60,DOWN
83160,0.0079,4327.42,4327.15,DOWN
83225,0.0340,4329.66,4328.85,DOWN
83291,0.0048,4329.98,4329.61,DOWN
83358,0.0336,4332.20,4331.36,DOWN
83424,0.0252,4333.86,4333.04,DOWN
83489,0.0475,4337.00,4335.71,DOWN
83556,0.0164,4338.08,4337.31,DOWN
83622,0.0280,4339.93,4339.08,DOWN
83688,0.0426,4342.74,4341.55,DOWN
83753,-0.0006,4342.70,4342.32,DOWN
83819,0.0312,4344.76,4343.97,DOWN
83886,0.0010,4344.83,4344.55,DOWN
83951,0.0632,4349.00,4347.55,DOWN
84018,-0.0197,4347.70,4347.65,DOWN
84083,0.0617,4351.77,4350.43,DOWN
84150,-0.0087,4351.19,4350.95,DOWN
84216,0.0656,4355.52,4354.03,DOWN
84281,0.0210,4356.91,4355.97,DOWN
84348,0.0133,4357.79,4357.20,DOWN
84413,0.0574,4361.57,4360.15,DOWN
84479,-0.0193,4360.30,4360.25,DOWN
84546,0.0697,4364.90,4363.39,DOWN
84612,0.0072,4365.37,4364.73,DOWN
84677,0.0587,4369.25,4367.78,DOWN
84743,-0.0099,4368.60,4368.33,DOWN
84809,0.0503,4371.92,4370.75,DOWN
84876,0.0238,4373.49,4372.60,DOWN
